Position,Artist,Album,Votes,%,Days Left,Time
1,KANG DANIEL,MAGENTA,1342.124,8.98,-12.458333333333336,2021-01-12 04:22:51.283230
2,Stray Kids,GO生,1106.522,7.41,-12.458333333333336,2021-01-12 04:22:51.283230
3,NCT 127,NCT #127 Neo Zone,1037.159,6.94,-12.458333333333336,2021-01-12 04:22:51.283230
4,HA SUNG WOON,Twilight Zone,940.672,6.3,-12.458333333333336,2021-01-12 04:22:51.283230
5,ATEEZ,ZERO : FEVER Part.1,872.082,5.84,-12.458333333333336,2021-01-12 04:22:51.283230
6,TOMORROW X TOGETHER,MINISODE 1 : BLUE HOUR,858.52,5.75,-12.458333333333336,2021-01-12 04:22:51.283230
7,NCT DREAM,RELOAD,813.085,5.44,-12.458333333333336,2021-01-12 04:22:51.283230
8,DREAMCATCHER,Dystopia : The Tree of Language,720.059,4.82,-12.458333333333336,2021-01-12 04:22:51.283230
9,MONSTA X,FANTASIA X,639.499,4.28,-12.458333333333336,2021-01-12 04:22:51.283230
10,SUPER JUNIOR-D&E,BAD BLOOD,617.331,4.13,-12.458333333333336,2021-01-12 04:22:51.283230
11,GOT7,DYE,610.215,4.09,-12.458333333333336,2021-01-12 04:22:51.283230
12,BLACKPINK,How You Like That,584.644,3.91,-12.458333333333336,2021-01-12 04:22:51.283230
13,SEVENTEEN,헹가래,573.664,3.84,-12.458333333333336,2021-01-12 04:22:51.283230
14,TWICE,MORE & MORE,561.257,3.76,-12.458333333333336,2021-01-12 04:22:51.283230
15,BTS,MAP OF THE SOUL : 7,507.874,3.4,-12.458333333333336,2021-01-12 04:22:51.283230
16,BAEKHYUN,Delight,380.591,2.55,-12.458333333333336,2021-01-12 04:22:51.283230
17,GFRIEND,回:LABYRINTH,356.477,2.39,-12.458333333333336,2021-01-12 04:22:51.283230
18,NU'EST,The Nocturne,353.897,2.37,-12.458333333333336,2021-01-12 04:22:51.283230
19,SF9,9loryUS,312.682,2.09,-12.458333333333336,2021-01-12 04:22:51.283230
20,VICTON,Mayday,312.552,2.09,-12.458333333333336,2021-01-12 04:22:51.283230
21,AB6IX,VIVID,271.456,1.82,-12.458333333333336,2021-01-12 04:22:51.283230
22,ASTRO,GATEWAY,211.517,1.42,-12.458333333333336,2021-01-12 04:22:51.283230
23,IZ*ONE,BLOOM*IZ,186.907,1.25,-12.458333333333336,2021-01-12 04:22:51.283230
24,MAMAMOO,딩가딩가 (Dingga),130.57,0.87,-12.458333333333336,2021-01-12 04:22:51.283230
25,PARK JI HOON,The W,125.511,0.84,-12.458333333333336,2021-01-12 04:22:51.283230
26,TAEMIN,Never Gonna Dance Again : Act 1,91.18,0.61,-12.458333333333336,2021-01-12 04:22:51.283230
27,(G)I-DLE,덤디덤디 (DUMDi DUMDi),68.807,0.46,-12.458333333333336,2021-01-12 04:22:51.283230
28,Hwa Sa,María,53.606,0.36,-12.458333333333336,2021-01-12 04:22:51.283230
29,THE BOYZ,CHASE,49.94600000000001,0.33,-12.458333333333336,2021-01-12 04:22:51.283230
30,NCT,NCT RESONANCE Part 1,48.94300000000001,0.33,-12.458333333333336,2021-01-12 04:22:51.283230
31,CIX,"Hello, Strange Time",34.795,0.23,-12.458333333333336,2021-01-12 04:22:51.283230
32,SUPER JUNIOR-K.R.Y.,푸르게 빛나던 우리의 계절 (When We Were Us),33.645,0.23,-12.458333333333336,2021-01-12 04:22:51.283230
33,OH MY GIRL,NONSTOP,29.882,0.2,-12.458333333333336,2021-01-12 04:22:51.283230
34,LOONA,[#],27.619,0.18,-12.458333333333336,2021-01-12 04:22:51.283230
35,ITZY,IT'z ME,16.538,0.11,-12.458333333333336,2021-01-12 04:22:51.283230
36,EXO,EXO PLANET #5 –EXplOration– Live Album,12.906,0.09,-12.458333333333336,2021-01-12 04:22:51.283230
37,APRIL,Da Capo,11.237,0.08,-12.458333333333336,2021-01-12 04:22:51.283230
38,Apink,LOOK,8.673,0.06,-12.458333333333336,2021-01-12 04:22:51.283230
39,PENTAGON,WE:TH,7.62,0.05,-12.458333333333336,2021-01-12 04:22:51.283230
40,DAY6,The Book of Us : The Demon,5.3439999999999985,0.04,-12.458333333333336,2021-01-12 04:22:51.283230
41,IU,에잇,3.865,0.03,-12.458333333333336,2021-01-12 04:22:51.283230
42,TAEYEON,Happy,2.58,0.02,-12.458333333333336,2021-01-12 04:22:51.283230
43,CHUNG HA,PLAY,1.356,0.01,-12.458333333333336,2021-01-12 04:22:51.283230
44,ZICO,아무노래,0.933,0.01,-12.458333333333336,2021-01-12 04:22:51.283230
45,Paul Kim,"마음, 둘",0.6609999999999999,0.0,-12.458333333333336,2021-01-12 04:22:51.283230
46,SUNMI,보라빛 밤 (pporappippam),0.257,0.0,-12.458333333333336,2021-01-12 04:22:51.283230
47,BaeK Z Young,거짓말이라도 해서 널 보고싶어,0.213,0.0,-12.458333333333336,2021-01-12 04:22:51.283230
48,Jessi,NUNA,0.199,0.0,-12.458333333333336,2021-01-12 04:22:51.283230
49,BOL4,사춘기집Ⅱ 꽃 본 나비,0.08900000000000001,0.0,-12.458333333333336,2021-01-12 04:22:51.283230
50,PARK JIN YOUNG,When We Disco,0.043,0.0,-12.458333333333336,2021-01-12 04:22:51.283230
1,KANG DANIEL,MAGENTA,1343.378,8.98,-12.416666666666664,2021-01-12 05:20:26.017970
2,Stray Kids,GO生,1110.46,7.42,-12.416666666666664,2021-01-12 05:20:26.017970
3,NCT 127,NCT #127 Neo Zone,1038.578,6.94,-12.416666666666664,2021-01-12 05:20:26.017970
4,HA SUNG WOON,Twilight Zone,941.247,6.29,-12.416666666666664,2021-01-12 05:20:26.017970
5,ATEEZ,ZERO : FEVER Part.1,874.6289999999997,5.85,-12.416666666666664,2021-01-12 05:20:26.017970
6,TOMORROW X TOGETHER,MINISODE 1 : BLUE HOUR,860.512,5.75,-12.416666666666664,2021-01-12 05:20:26.017970
7,NCT DREAM,RELOAD,815.13,5.45,-12.416666666666664,2021-01-12 05:20:26.017970
8,DREAMCATCHER,Dystopia : The Tree of Language,720.791,4.82,-12.416666666666664,2021-01-12 05:20:26.017970
9,MONSTA X,FANTASIA X,640.798,4.28,-12.416666666666664,2021-01-12 05:20:26.017970
10,SUPER JUNIOR-D&E,BAD BLOOD,618.605,4.13,-12.416666666666664,2021-01-12 05:20:26.017970
11,GOT7,DYE,611.569,4.09,-12.416666666666664,2021-01-12 05:20:26.017970
12,BLACKPINK,How You Like That,585.344,3.91,-12.416666666666664,2021-01-12 05:20:26.017970
13,SEVENTEEN,헹가래,574.94,3.84,-12.416666666666664,2021-01-12 05:20:26.017970
14,TWICE,MORE & MORE,562.346,3.76,-12.416666666666664,2021-01-12 05:20:26.017970
15,BTS,MAP OF THE SOUL : 7,508.228,3.4,-12.416666666666664,2021-01-12 05:20:26.017970
16,BAEKHYUN,Delight,380.88699999999994,2.55,-12.416666666666664,2021-01-12 05:20:26.017970
17,GFRIEND,回:LABYRINTH,356.591,2.38,-12.416666666666664,2021-01-12 05:20:26.017970
18,NU'EST,The Nocturne,354.004,2.37,-12.416666666666664,2021-01-12 05:20:26.017970
19,SF9,9loryUS,312.793,2.09,-12.416666666666664,2021-01-12 05:20:26.017970
20,VICTON,Mayday,312.719,2.09,-12.416666666666664,2021-01-12 05:20:26.017970
21,AB6IX,VIVID,271.658,1.82,-12.416666666666664,2021-01-12 05:20:26.017970
22,ASTRO,GATEWAY,211.628,1.41,-12.416666666666664,2021-01-12 05:20:26.017970
23,IZ*ONE,BLOOM*IZ,187.09799999999998,1.25,-12.416666666666664,2021-01-12 05:20:26.017970
24,MAMAMOO,딩가딩가 (Dingga),130.599,0.87,-12.416666666666664,2021-01-12 05:20:26.017970
25,PARK JI HOON,The W,125.561,0.84,-12.416666666666664,2021-01-12 05:20:26.017970
26,TAEMIN,Never Gonna Dance Again : Act 1,91.238,0.61,-12.416666666666664,2021-01-12 05:20:26.017970
27,(G)I-DLE,덤디덤디 (DUMDi DUMDi),68.82,0.46,-12.416666666666664,2021-01-12 05:20:26.017970
28,Hwa Sa,María,53.765,0.36,-12.416666666666664,2021-01-12 05:20:26.017970
29,THE BOYZ,CHASE,49.951,0.33,-12.416666666666664,2021-01-12 05:20:26.017970
30,NCT,NCT RESONANCE Part 1,48.985,0.33,-12.416666666666664,2021-01-12 05:20:26.017970
31,CIX,"Hello, Strange Time",34.808,0.23,-12.416666666666664,2021-01-12 05:20:26.017970
32,SUPER JUNIOR-K.R.Y.,푸르게 빛나던 우리의 계절 (When We Were Us),33.658,0.22,-12.416666666666664,2021-01-12 05:20:26.017970
33,OH MY GIRL,NONSTOP,29.895,0.2,-12.416666666666664,2021-01-12 05:20:26.017970
34,LOONA,[#],27.869,0.19,-12.416666666666664,2021-01-12 05:20:26.017970
35,ITZY,IT'z ME,16.549,0.11,-12.416666666666664,2021-01-12 05:20:26.017970
36,EXO,EXO PLANET #5 –EXplOration– Live Album,12.907,0.09,-12.416666666666664,2021-01-12 05:20:26.017970
37,APRIL,Da Capo,11.259,0.08,-12.416666666666664,2021-01-12 05:20:26.017970
38,Apink,LOOK,8.673,0.06,-12.416666666666664,2021-01-12 05:20:26.017970
39,PENTAGON,WE:TH,7.62,0.05,-12.416666666666664,2021-01-12 05:20:26.017970
40,DAY6,The Book of Us : The Demon,5.343999999999999,0.04,-12.416666666666664,2021-01-12 05:20:26.017970
41,IU,에잇,3.865,0.03,-12.416666666666664,2021-01-12 05:20:26.017970
42,TAEYEON,Happy,2.583,0.02,-12.416666666666664,2021-01-12 05:20:26.017970
43,CHUNG HA,PLAY,1.3559999999999999,0.01,-12.416666666666664,2021-01-12 05:20:26.017970
44,ZICO,아무노래,0.9329999999999999,0.01,-12.416666666666664,2021-01-12 05:20:26.017970
45,Paul Kim,"마음, 둘",0.6609999999999999,0.0,-12.416666666666664,2021-01-12 05:20:26.017970
46,SUNMI,보라빛 밤 (pporappippam),0.257,0.0,-12.416666666666664,2021-01-12 05:20:26.017970
47,BaeK Z Young,거짓말이라도 해서 널 보고싶어,0.213,0.0,-12.416666666666664,2021-01-12 05:20:26.017970
48,Jessi,NUNA,0.19899999999999998,0.0,-12.416666666666664,2021-01-12 05:20:26.017970
49,BOL4,사춘기집Ⅱ 꽃 본 나비,0.08900000000000001,0.0,-12.416666666666664,2021-01-12 05:20:26.017970
50,PARK JIN YOUNG,When We Disco,0.043,0.0,-12.416666666666664,2021-01-12 05:20:26.017970
1,KANG DANIEL,MAGENTA,1388.648,8.96,-11.958333333333336,2021-01-12 16:22:01.005498
2,Stray Kids,GO生,1168.909,7.54,-11.958333333333336,2021-01-12 16:22:01.005498
3,NCT 127,NCT #127 Neo Zone,1067.146,6.89,-11.958333333333336,2021-01-12 16:22:01.005498
4,HA SUNG WOON,Twilight Zone,966.112,6.24,-11.958333333333336,2021-01-12 16:22:01.005498
5,ATEEZ,ZERO : FEVER Part.1,929.691,6.0,-11.958333333333336,2021-01-12 16:22:01.005498
6,TOMORROW X TOGETHER,MINISODE 1 : BLUE HOUR,912.811,5.89,-11.958333333333336,2021-01-12 16:22:01.005498
7,NCT DREAM,RELOAD,851.429,5.5,-11.958333333333336,2021-01-12 16:22:01.005498
8,DREAMCATCHER,Dystopia : The Tree of Language,738.7130000000003,4.77,-11.958333333333336,2021-01-12 16:22:01.005498
9,MONSTA X,FANTASIA X,660.015,4.26,-11.958333333333336,2021-01-12 16:22:01.005498
10,SUPER JUNIOR-D&E,BAD BLOOD,642.736,4.15,-11.958333333333336,2021-01-12 16:22:01.005498
11,GOT7,DYE,640.966,4.14,-11.958333333333336,2021-01-12 16:22:01.005498
12,BLACKPINK,How You Like That,606.52,3.91,-11.958333333333336,2021-01-12 16:22:01.005498
13,TWICE,MORE & MORE,598.422,3.86,-11.958333333333336,2021-01-12 16:22:01.005498
14,SEVENTEEN,헹가래,596.693,3.85,-11.958333333333336,2021-01-12 16:22:01.005498
15,BTS,MAP OF THE SOUL : 7,514.2919999999998,3.32,-11.958333333333336,2021-01-12 16:22:01.005498
16,BAEKHYUN,Delight,388.607,2.51,-11.958333333333336,2021-01-12 16:22:01.005498
17,NU'EST,The Nocturne,360.877,2.33,-11.958333333333336,2021-01-12 16:22:01.005498
18,GFRIEND,回:LABYRINTH,359.20300000000015,2.32,-11.958333333333336,2021-01-12 16:22:01.005498
19,VICTON,Mayday,318.171,2.05,-11.958333333333336,2021-01-12 16:22:01.005498
20,SF9,9loryUS,317.997,2.05,-11.958333333333336,2021-01-12 16:22:01.005498
21,AB6IX,VIVID,277.524,1.79,-11.958333333333336,2021-01-12 16:22:01.005498
22,ASTRO,GATEWAY,214.67,1.39,-11.958333333333336,2021-01-12 16:22:01.005498
23,IZ*ONE,BLOOM*IZ,190.111,1.23,-11.958333333333336,2021-01-12 16:22:01.005498
24,MAMAMOO,딩가딩가 (Dingga),131.453,0.85,-11.958333333333336,2021-01-12 16:22:01.005498
25,PARK JI HOON,The W,128.09799999999998,0.83,-11.958333333333336,2021-01-12 16:22:01.005498
26,TAEMIN,Never Gonna Dance Again : Act 1,92.896,0.6,-11.958333333333336,2021-01-12 16:22:01.005498
27,(G)I-DLE,덤디덤디 (DUMDi DUMDi),69.288,0.45,-11.958333333333336,2021-01-12 16:22:01.005498
28,Hwa Sa,María,56.94300000000001,0.37,-11.958333333333336,2021-01-12 16:22:01.005498
29,THE BOYZ,CHASE,50.307,0.32,-11.958333333333336,2021-01-12 16:22:01.005498
30,NCT,NCT RESONANCE Part 1,50.02,0.32,-11.958333333333336,2021-01-12 16:22:01.005498
31,CIX,"Hello, Strange Time",35.231,0.23,-11.958333333333336,2021-01-12 16:22:01.005498
32,SUPER JUNIOR-K.R.Y.,푸르게 빛나던 우리의 계절 (When We Were Us),34.011,0.22,-11.958333333333336,2021-01-12 16:22:01.005498
33,LOONA,[#],30.398000000000003,0.2,-11.958333333333336,2021-01-12 16:22:01.005498
34,OH MY GIRL,NONSTOP,30.292,0.2,-11.958333333333336,2021-01-12 16:22:01.005498
35,ITZY,IT'z ME,16.783,0.11,-11.958333333333336,2021-01-12 16:22:01.005498
36,EXO,EXO PLANET #5 –EXplOration– Live Album,13.014,0.08,-11.958333333333336,2021-01-12 16:22:01.005498
37,APRIL,Da Capo,11.602,0.07,-11.958333333333336,2021-01-12 16:22:01.005498
38,Apink,LOOK,8.726,0.06,-11.958333333333336,2021-01-12 16:22:01.005498
39,PENTAGON,WE:TH,7.662000000000001,0.05,-11.958333333333336,2021-01-12 16:22:01.005498
40,DAY6,The Book of Us : The Demon,5.362,0.03,-11.958333333333336,2021-01-12 16:22:01.005498
41,IU,에잇,3.897,0.03,-11.958333333333336,2021-01-12 16:22:01.005498
42,TAEYEON,Happy,2.65,0.02,-11.958333333333336,2021-01-12 16:22:01.005498
43,CHUNG HA,PLAY,1.36,0.01,-11.958333333333336,2021-01-12 16:22:01.005498
44,ZICO,아무노래,0.933,0.01,-11.958333333333336,2021-01-12 16:22:01.005498
45,Paul Kim,"마음, 둘",0.6679999999999999,0.0,-11.958333333333336,2021-01-12 16:22:01.005498
46,SUNMI,보라빛 밤 (pporappippam),0.257,0.0,-11.958333333333336,2021-01-12 16:22:01.005498
47,BaeK Z Young,거짓말이라도 해서 널 보고싶어,0.213,0.0,-11.958333333333336,2021-01-12 16:22:01.005498
48,Jessi,NUNA,0.201,0.0,-11.958333333333336,2021-01-12 16:22:01.005498
49,BOL4,사춘기집Ⅱ 꽃 본 나비,0.08900000000000001,0.0,-11.958333333333336,2021-01-12 16:22:01.005498
50,PARK JIN YOUNG,When We Disco,0.043,0.0,-11.958333333333336,2021-01-12 16:22:01.005498
1,KANG DANIEL,MAGENTA,1390.527,8.95,-11.916666666666664,2021-01-12 17:50:02.012657
2,Stray Kids,GO生,1174.688,7.56,-11.916666666666664,2021-01-12 17:50:02.012657
3,NCT 127,NCT #127 Neo Zone,1069.233,6.88,-11.916666666666664,2021-01-12 17:50:02.012657
4,HA SUNG WOON,Twilight Zone,966.97,6.23,-11.916666666666664,2021-01-12 17:50:02.012657
5,ATEEZ,ZERO : FEVER Part.1,937.659,6.04,-11.916666666666664,2021-01-12 17:50:02.012657
6,TOMORROW X TOGETHER,MINISODE 1 : BLUE HOUR,916.1030000000001,5.9,-11.916666666666664,2021-01-12 17:50:02.012657
7,NCT DREAM,RELOAD,852.6519999999997,5.49,-11.916666666666664,2021-01-12 17:50:02.012657
8,DREAMCATCHER,Dystopia : The Tree of Language,739.936,4.76,-11.916666666666664,2021-01-12 17:50:02.012657
9,MONSTA X,FANTASIA X,661.6060000000001,4.26,-11.916666666666664,2021-01-12 17:50:02.012657
10,SUPER JUNIOR-D&E,BAD BLOOD,644.893,4.15,-11.916666666666664,2021-01-12 17:50:02.012657
11,GOT7,DYE,644.883,4.15,-11.916666666666664,2021-01-12 17:50:02.012657
12,BLACKPINK,How You Like That,607.729,3.91,-11.916666666666664,2021-01-12 17:50:02.012657
13,TWICE,MORE & MORE,600.242,3.86,-11.916666666666664,2021-01-12 17:50:02.012657
14,SEVENTEEN,헹가래,598.607,3.85,-11.916666666666664,2021-01-12 17:50:02.012657
15,BTS,MAP OF THE SOUL : 7,514.56,3.31,-11.916666666666664,2021-01-12 17:50:02.012657
16,BAEKHYUN,Delight,388.86699999999996,2.5,-11.916666666666664,2021-01-12 17:50:02.012657
17,NU'EST,The Nocturne,361.189,2.33,-11.916666666666664,2021-01-12 17:50:02.012657
18,GFRIEND,回:LABYRINTH,359.30300000000005,2.31,-11.916666666666664,2021-01-12 17:50:02.012657
19,VICTON,Mayday,318.525,2.05,-11.916666666666664,2021-01-12 17:50:02.012657
20,SF9,9loryUS,318.1790000000001,2.05,-11.916666666666664,2021-01-12 17:50:02.012657
21,AB6IX,VIVID,277.735,1.79,-11.916666666666664,2021-01-12 17:50:02.012657
22,ASTRO,GATEWAY,214.766,1.38,-11.916666666666664,2021-01-12 17:50:02.012657
23,IZ*ONE,BLOOM*IZ,190.34099999999998,1.23,-11.916666666666664,2021-01-12 17:50:02.012657
24,MAMAMOO,딩가딩가 (Dingga),131.493,0.85,-11.916666666666664,2021-01-12 17:50:02.012657
25,PARK JI HOON,The W,128.127,0.82,-11.916666666666664,2021-01-12 17:50:02.012657
26,TAEMIN,Never Gonna Dance Again : Act 1,93.02,0.6,-11.916666666666664,2021-01-12 17:50:02.012657
27,(G)I-DLE,덤디덤디 (DUMDi DUMDi),69.30199999999999,0.45,-11.916666666666664,2021-01-12 17:50:02.012657
28,Hwa Sa,María,57.081,0.37,-11.916666666666664,2021-01-12 17:50:02.012657
29,THE BOYZ,CHASE,50.352,0.32,-11.916666666666664,2021-01-12 17:50:02.012657
30,NCT,NCT RESONANCE Part 1,50.055,0.32,-11.916666666666664,2021-01-12 17:50:02.012657
31,CIX,"Hello, Strange Time",35.232,0.23,-11.916666666666664,2021-01-12 17:50:02.012657
32,SUPER JUNIOR-K.R.Y.,푸르게 빛나던 우리의 계절 (When We Were Us),34.018,0.22,-11.916666666666664,2021-01-12 17:50:02.012657
33,LOONA,[#],30.906,0.2,-11.916666666666664,2021-01-12 17:50:02.012657
34,OH MY GIRL,NONSTOP,30.334,0.2,-11.916666666666664,2021-01-12 17:50:02.012657
35,ITZY,IT'z ME,16.794,0.11,-11.916666666666664,2021-01-12 17:50:02.012657
36,EXO,EXO PLANET #5 –EXplOration– Live Album,13.017000000000001,0.08,-11.916666666666664,2021-01-12 17:50:02.012657
37,APRIL,Da Capo,11.612,0.07,-11.916666666666664,2021-01-12 17:50:02.012657
38,Apink,LOOK,8.726,0.06,-11.916666666666664,2021-01-12 17:50:02.012657
39,PENTAGON,WE:TH,7.672999999999999,0.05,-11.916666666666664,2021-01-12 17:50:02.012657
40,DAY6,The Book of Us : The Demon,5.362,0.03,-11.916666666666664,2021-01-12 17:50:02.012657
41,IU,에잇,3.9,0.03,-11.916666666666664,2021-01-12 17:50:02.012657
42,TAEYEON,Happy,2.653,0.02,-11.916666666666664,2021-01-12 17:50:02.012657
43,CHUNG HA,PLAY,1.361,0.01,-11.916666666666664,2021-01-12 17:50:02.012657
44,ZICO,아무노래,0.9329999999999999,0.01,-11.916666666666664,2021-01-12 17:50:02.012657
45,Paul Kim,"마음, 둘",0.6679999999999999,0.0,-11.916666666666664,2021-01-12 17:50:02.012657
46,SUNMI,보라빛 밤 (pporappippam),0.257,0.0,-11.916666666666664,2021-01-12 17:50:02.012657
47,BaeK Z Young,거짓말이라도 해서 널 보고싶어,0.213,0.0,-11.916666666666664,2021-01-12 17:50:02.012657
48,Jessi,NUNA,0.201,0.0,-11.916666666666664,2021-01-12 17:50:02.012657
49,BOL4,사춘기집Ⅱ 꽃 본 나비,0.08900000000000001,0.0,-11.916666666666664,2021-01-12 17:50:02.012657
50,PARK JIN YOUNG,When We Disco,0.043,0.0,-11.916666666666664,2021-01-12 17:50:02.012657
1,KANG DANIEL,MAGENTA,1391.656,8.94,-11.833333333333336,2021-01-12 19:23:38.315037
2,Stray Kids,GO生,1180.531,7.59,-11.833333333333336,2021-01-12 19:23:38.315037
3,NCT 127,NCT #127 Neo Zone,1070.092,6.88,-11.833333333333336,2021-01-12 19:23:38.315037
4,HA SUNG WOON,Twilight Zone,967.145,6.21,-11.833333333333336,2021-01-12 19:23:38.315037
5,ATEEZ,ZERO : FEVER Part.1,944.731,6.07,-11.833333333333336,2021-01-12 19:23:38.315037
6,TOMORROW X TOGETHER,MINISODE 1 : BLUE HOUR,918.556,5.9,-11.833333333333336,2021-01-12 19:23:38.315037
7,NCT DREAM,RELOAD,853.0360000000003,5.48,-11.833333333333336,2021-01-12 19:23:38.315037
8,DREAMCATCHER,Dystopia : The Tree of Language,740.9630000000003,4.76,-11.833333333333336,2021-01-12 19:23:38.315037
9,MONSTA X,FANTASIA X,663.4730000000002,4.26,-11.833333333333336,2021-01-12 19:23:38.315037
10,GOT7,DYE,647.0980000000002,4.16,-11.833333333333336,2021-01-12 19:23:38.315037
11,SUPER JUNIOR-D&E,BAD BLOOD,646.815,4.16,-11.833333333333336,2021-01-12 19:23:38.315037
12,BLACKPINK,How You Like That,608.561,3.91,-11.833333333333336,2021-01-12 19:23:38.315037
13,TWICE,MORE & MORE,601.465,3.86,-11.833333333333336,2021-01-12 19:23:38.315037
14,SEVENTEEN,헹가래,599.619,3.85,-11.833333333333336,2021-01-12 19:23:38.315037
15,BTS,MAP OF THE SOUL : 7,514.749,3.31,-11.833333333333336,2021-01-12 19:23:38.315037
16,BAEKHYUN,Delight,388.987,2.5,-11.833333333333336,2021-01-12 19:23:38.315037
17,NU'EST,The Nocturne,361.304,2.32,-11.833333333333336,2021-01-12 19:23:38.315037
18,GFRIEND,回:LABYRINTH,359.369,2.31,-11.833333333333336,2021-01-12 19:23:38.315037
19,VICTON,Mayday,318.64,2.05,-11.833333333333336,2021-01-12 19:23:38.315037
20,SF9,9loryUS,318.253,2.05,-11.833333333333336,2021-01-12 19:23:38.315037
21,AB6IX,VIVID,277.888,1.79,-11.833333333333336,2021-01-12 19:23:38.315037
22,ASTRO,GATEWAY,214.903,1.38,-11.833333333333336,2021-01-12 19:23:38.315037
23,IZ*ONE,BLOOM*IZ,190.414,1.22,-11.833333333333336,2021-01-12 19:23:38.315037
24,MAMAMOO,딩가딩가 (Dingga),131.506,0.85,-11.833333333333336,2021-01-12 19:23:38.315037
25,PARK JI HOON,The W,128.127,0.82,-11.833333333333336,2021-01-12 19:23:38.315037
26,TAEMIN,Never Gonna Dance Again : Act 1,93.044,0.6,-11.833333333333336,2021-01-12 19:23:38.315037
27,(G)I-DLE,덤디덤디 (DUMDi DUMDi),69.314,0.45,-11.833333333333336,2021-01-12 19:23:38.315037
28,Hwa Sa,María,57.154,0.37,-11.833333333333336,2021-01-12 19:23:38.315037
29,THE BOYZ,CHASE,50.358,0.32,-11.833333333333336,2021-01-12 19:23:38.315037
30,NCT,NCT RESONANCE Part 1,50.076,0.32,-11.833333333333336,2021-01-12 19:23:38.315037
31,CIX,"Hello, Strange Time",35.232,0.23,-11.833333333333336,2021-01-12 19:23:38.315037
32,SUPER JUNIOR-K.R.Y.,푸르게 빛나던 우리의 계절 (When We Were Us),34.028,0.22,-11.833333333333336,2021-01-12 19:23:38.315037
33,LOONA,[#],31.337,0.2,-11.833333333333336,2021-01-12 19:23:38.315037
34,OH MY GIRL,NONSTOP,30.334,0.19,-11.833333333333336,2021-01-12 19:23:38.315037
35,ITZY,IT'z ME,16.802,0.11,-11.833333333333336,2021-01-12 19:23:38.315037
36,EXO,EXO PLANET #5 –EXplOration– Live Album,13.019,0.08,-11.833333333333336,2021-01-12 19:23:38.315037
37,APRIL,Da Capo,11.613,0.07,-11.833333333333336,2021-01-12 19:23:38.315037
38,Apink,LOOK,8.728,0.06,-11.833333333333336,2021-01-12 19:23:38.315037
39,PENTAGON,WE:TH,7.672999999999999,0.05,-11.833333333333336,2021-01-12 19:23:38.315037
40,DAY6,The Book of Us : The Demon,5.362,0.03,-11.833333333333336,2021-01-12 19:23:38.315037
41,IU,에잇,3.9,0.03,-11.833333333333336,2021-01-12 19:23:38.315037
42,TAEYEON,Happy,2.653,0.02,-11.833333333333336,2021-01-12 19:23:38.315037
43,CHUNG HA,PLAY,1.361,0.01,-11.833333333333336,2021-01-12 19:23:38.315037
44,ZICO,아무노래,0.933,0.01,-11.833333333333336,2021-01-12 19:23:38.315037
45,Paul Kim,"마음, 둘",0.6679999999999999,0.0,-11.833333333333336,2021-01-12 19:23:38.315037
46,SUNMI,보라빛 밤 (pporappippam),0.257,0.0,-11.833333333333336,2021-01-12 19:23:38.315037
47,BaeK Z Young,거짓말이라도 해서 널 보고싶어,0.213,0.0,-11.833333333333336,2021-01-12 19:23:38.315037
48,Jessi,NUNA,0.201,0.0,-11.833333333333336,2021-01-12 19:23:38.315037
49,BOL4,사춘기집Ⅱ 꽃 본 나비,0.08900000000000001,0.0,-11.833333333333336,2021-01-12 19:23:38.315037
50,PARK JIN YOUNG,When We Disco,0.043,0.0,-11.833333333333336,2021-01-12 19:23:38.315037
1,KANG DANIEL,MAGENTA,1391.9879999999994,8.93,-11.791666666666664,2021-01-12 20:41:58.824753
2,Stray Kids,GO生,1185.343,7.61,-11.791666666666664,2021-01-12 20:41:58.824753
3,NCT 127,NCT #127 Neo Zone,1070.402,6.87,-11.791666666666664,2021-01-12 20:41:58.824753
4,HA SUNG WOON,Twilight Zone,967.237,6.21,-11.791666666666664,2021-01-12 20:41:58.824753
5,ATEEZ,ZERO : FEVER Part.1,949.808,6.1,-11.791666666666664,2021-01-12 20:41:58.824753
6,TOMORROW X TOGETHER,MINISODE 1 : BLUE HOUR,920.2410000000001,5.91,-11.791666666666664,2021-01-12 20:41:58.824753
7,NCT DREAM,RELOAD,853.179,5.48,-11.791666666666664,2021-01-12 20:41:58.824753
8,DREAMCATCHER,Dystopia : The Tree of Language,741.768,4.76,-11.791666666666664,2021-01-12 20:41:58.824753
9,MONSTA X,FANTASIA X,664.7439999999998,4.27,-11.791666666666664,2021-01-12 20:41:58.824753
10,GOT7,DYE,648.067,4.16,-11.791666666666664,2021-01-12 20:41:58.824753
11,SUPER JUNIOR-D&E,BAD BLOOD,647.175,4.15,-11.791666666666664,2021-01-12 20:41:58.824753
12,BLACKPINK,How You Like That,608.99,3.91,-11.791666666666664,2021-01-12 20:41:58.824753
13,TWICE,MORE & MORE,602.178,3.86,-11.791666666666664,2021-01-12 20:41:58.824753
14,SEVENTEEN,헹가래,600.137,3.85,-11.791666666666664,2021-01-12 20:41:58.824753
15,BTS,MAP OF THE SOUL : 7,514.915,3.3,-11.791666666666664,2021-01-12 20:41:58.824753
16,BAEKHYUN,Delight,389.12699999999995,2.5,-11.791666666666664,2021-01-12 20:41:58.824753
17,NU'EST,The Nocturne,361.37699999999995,2.32,-11.791666666666664,2021-01-12 20:41:58.824753
18,GFRIEND,回:LABYRINTH,359.392,2.31,-11.791666666666664,2021-01-12 20:41:58.824753
19,VICTON,Mayday,318.697,2.05,-11.791666666666664,2021-01-12 20:41:58.824753
20,SF9,9loryUS,318.314,2.04,-11.791666666666664,2021-01-12 20:41:58.824753
21,AB6IX,VIVID,277.91200000000003,1.78,-11.791666666666664,2021-01-12 20:41:58.824753
22,ASTRO,GATEWAY,214.968,1.38,-11.791666666666664,2021-01-12 20:41:58.824753
23,IZ*ONE,BLOOM*IZ,190.46400000000003,1.22,-11.791666666666664,2021-01-12 20:41:58.824753
24,MAMAMOO,딩가딩가 (Dingga),131.529,0.84,-11.791666666666664,2021-01-12 20:41:58.824753
25,PARK JI HOON,The W,128.137,0.82,-11.791666666666664,2021-01-12 20:41:58.824753
26,TAEMIN,Never Gonna Dance Again : Act 1,93.096,0.6,-11.791666666666664,2021-01-12 20:41:58.824753
27,(G)I-DLE,덤디덤디 (DUMDi DUMDi),69.324,0.44,-11.791666666666664,2021-01-12 20:41:58.824753
28,Hwa Sa,María,57.191,0.37,-11.791666666666664,2021-01-12 20:41:58.824753
29,THE BOYZ,CHASE,50.361999999999995,0.32,-11.791666666666664,2021-01-12 20:41:58.824753
30,NCT,NCT RESONANCE Part 1,50.077,0.32,-11.791666666666664,2021-01-12 20:41:58.824753
31,CIX,"Hello, Strange Time",35.232,0.23,-11.791666666666664,2021-01-12 20:41:58.824753
32,SUPER JUNIOR-K.R.Y.,푸르게 빛나던 우리의 계절 (When We Were Us),34.029,0.22,-11.791666666666664,2021-01-12 20:41:58.824753
33,LOONA,[#],31.662,0.2,-11.791666666666664,2021-01-12 20:41:58.824753
34,OH MY GIRL,NONSTOP,30.334,0.19,-11.791666666666664,2021-01-12 20:41:58.824753
35,ITZY,IT'z ME,16.802,0.11,-11.791666666666664,2021-01-12 20:41:58.824753
36,EXO,EXO PLANET #5 –EXplOration– Live Album,13.019,0.08,-11.791666666666664,2021-01-12 20:41:58.824753
37,APRIL,Da Capo,11.614,0.07,-11.791666666666664,2021-01-12 20:41:58.824753
38,Apink,LOOK,8.728,0.06,-11.791666666666664,2021-01-12 20:41:58.824753
39,PENTAGON,WE:TH,7.672999999999999,0.05,-11.791666666666664,2021-01-12 20:41:58.824753
40,DAY6,The Book of Us : The Demon,5.3629999999999995,0.03,-11.791666666666664,2021-01-12 20:41:58.824753
41,IU,에잇,3.9,0.03,-11.791666666666664,2021-01-12 20:41:58.824753
42,TAEYEON,Happy,2.653,0.02,-11.791666666666664,2021-01-12 20:41:58.824753
43,CHUNG HA,PLAY,1.361,0.01,-11.791666666666664,2021-01-12 20:41:58.824753
44,ZICO,아무노래,0.9329999999999999,0.01,-11.791666666666664,2021-01-12 20:41:58.824753
45,Paul Kim,"마음, 둘",0.6679999999999999,0.0,-11.791666666666664,2021-01-12 20:41:58.824753
46,SUNMI,보라빛 밤 (pporappippam),0.257,0.0,-11.791666666666664,2021-01-12 20:41:58.824753
47,BaeK Z Young,거짓말이라도 해서 널 보고싶어,0.213,0.0,-11.791666666666664,2021-01-12 20:41:58.824753
48,Jessi,NUNA,0.201,0.0,-11.791666666666664,2021-01-12 20:41:58.824753
49,BOL4,사춘기집Ⅱ 꽃 본 나비,0.08900000000000001,0.0,-11.791666666666664,2021-01-12 20:41:58.824753
50,PARK JIN YOUNG,When We Disco,0.043,0.0,-11.791666666666664,2021-01-12 20:41:58.824753
1,KANG DANIEL,MAGENTA,1394.45,8.92,-11.666666666666664,2021-01-12 23:12:04.632951
2,Stray Kids,GO生,1194.229,7.64,-11.666666666666664,2021-01-12 23:12:04.632951
3,NCT 127,NCT #127 Neo Zone,1071.257,6.85,-11.666666666666664,2021-01-12 23:12:04.632951
4,HA SUNG WOON,Twilight Zone,968.297,6.2,-11.666666666666664,2021-01-12 23:12:04.632951
5,ATEEZ,ZERO : FEVER Part.1,962.08,6.16,-11.666666666666664,2021-01-12 23:12:04.632951
6,TOMORROW X TOGETHER,MINISODE 1 : BLUE HOUR,927.549,5.94,-11.666666666666664,2021-01-12 23:12:04.632951
7,NCT DREAM,RELOAD,854.018,5.46,-11.666666666666664,2021-01-12 23:12:04.632951
8,DREAMCATCHER,Dystopia : The Tree of Language,743.315,4.76,-11.666666666666664,2021-01-12 23:12:04.632951
9,MONSTA X,FANTASIA X,666.962,4.27,-11.666666666666664,2021-01-12 23:12:04.632951
10,GOT7,DYE,649.565,4.16,-11.666666666666664,2021-01-12 23:12:04.632951
11,SUPER JUNIOR-D&E,BAD BLOOD,648.081,4.15,-11.666666666666664,2021-01-12 23:12:04.632951
12,BLACKPINK,How You Like That,609.947,3.9,-11.666666666666664,2021-01-12 23:12:04.632951
13,TWICE,MORE & MORE,603.508,3.86,-11.666666666666664,2021-01-12 23:12:04.632951
14,SEVENTEEN,헹가래,601.328,3.85,-11.666666666666664,2021-01-12 23:12:04.632951
15,BTS,MAP OF THE SOUL : 7,515.307,3.3,-11.666666666666664,2021-01-12 23:12:04.632951
16,BAEKHYUN,Delight,389.31300000000016,2.49,-11.666666666666664,2021-01-12 23:12:04.632951
17,NU'EST,The Nocturne,361.86300000000006,2.32,-11.666666666666664,2021-01-12 23:12:04.632951
18,GFRIEND,回:LABYRINTH,359.541,2.3,-11.666666666666664,2021-01-12 23:12:04.632951
19,VICTON,Mayday,318.926,2.04,-11.666666666666664,2021-01-12 23:12:04.632951
20,SF9,9loryUS,318.509,2.04,-11.666666666666664,2021-01-12 23:12:04.632951
21,AB6IX,VIVID,278.125,1.78,-11.666666666666664,2021-01-12 23:12:04.632951
22,ASTRO,GATEWAY,215.142,1.38,-11.666666666666664,2021-01-12 23:12:04.632951
23,IZ*ONE,BLOOM*IZ,190.691,1.22,-11.666666666666664,2021-01-12 23:12:04.632951
24,MAMAMOO,딩가딩가 (Dingga),131.624,0.84,-11.666666666666664,2021-01-12 23:12:04.632951
25,PARK JI HOON,The W,128.224,0.82,-11.666666666666664,2021-01-12 23:12:04.632951
26,TAEMIN,Never Gonna Dance Again : Act 1,93.158,0.6,-11.666666666666664,2021-01-12 23:12:04.632951
27,(G)I-DLE,덤디덤디 (DUMDi DUMDi),69.337,0.44,-11.666666666666664,2021-01-12 23:12:04.632951
28,Hwa Sa,María,57.328,0.37,-11.666666666666664,2021-01-12 23:12:04.632951
29,THE BOYZ,CHASE,50.418,0.32,-11.666666666666664,2021-01-12 23:12:04.632951
30,NCT,NCT RESONANCE Part 1,50.106,0.32,-11.666666666666664,2021-01-12 23:12:04.632951
31,CIX,"Hello, Strange Time",35.23300000000001,0.23,-11.666666666666664,2021-01-12 23:12:04.632951
32,SUPER JUNIOR-K.R.Y.,푸르게 빛나던 우리의 계절 (When We Were Us),34.05,0.22,-11.666666666666664,2021-01-12 23:12:04.632951
33,LOONA,[#],32.364000000000004,0.21,-11.666666666666664,2021-01-12 23:12:04.632951
34,OH MY GIRL,NONSTOP,30.445,0.19,-11.666666666666664,2021-01-12 23:12:04.632951
35,ITZY,IT'z ME,16.807000000000002,0.11,-11.666666666666664,2021-01-12 23:12:04.632951
36,EXO,EXO PLANET #5 –EXplOration– Live Album,13.021,0.08,-11.666666666666664,2021-01-12 23:12:04.632951
37,APRIL,Da Capo,11.614,0.07,-11.666666666666664,2021-01-12 23:12:04.632951
38,Apink,LOOK,8.729,0.06,-11.666666666666664,2021-01-12 23:12:04.632951
39,PENTAGON,WE:TH,7.673999999999999,0.05,-11.666666666666664,2021-01-12 23:12:04.632951
40,DAY6,The Book of Us : The Demon,5.364,0.03,-11.666666666666664,2021-01-12 23:12:04.632951
41,IU,에잇,3.9,0.02,-11.666666666666664,2021-01-12 23:12:04.632951
42,TAEYEON,Happy,2.653,0.02,-11.666666666666664,2021-01-12 23:12:04.632951
43,CHUNG HA,PLAY,1.361,0.01,-11.666666666666664,2021-01-12 23:12:04.632951
44,ZICO,아무노래,0.933,0.01,-11.666666666666664,2021-01-12 23:12:04.632951
45,Paul Kim,"마음, 둘",0.6679999999999999,0.0,-11.666666666666664,2021-01-12 23:12:04.632951
46,SUNMI,보라빛 밤 (pporappippam),0.257,0.0,-11.666666666666664,2021-01-12 23:12:04.632951
47,BaeK Z Young,거짓말이라도 해서 널 보고싶어,0.213,0.0,-11.666666666666664,2021-01-12 23:12:04.632951
48,Jessi,NUNA,0.201,0.0,-11.666666666666664,2021-01-12 23:12:04.632951
49,BOL4,사춘기집Ⅱ 꽃 본 나비,0.08900000000000001,0.0,-11.666666666666664,2021-01-12 23:12:04.632951
50,PARK JIN YOUNG,When We Disco,0.043,0.0,-11.666666666666664,2021-01-12 23:12:04.632951
1,KANG DANIEL,MAGENTA,1397.91,8.92,-11.625,2021-01-13 00:54:40.815771
2,Stray Kids,GO生,1201.156,7.66,-11.625,2021-01-13 00:54:40.815771
3,NCT 127,NCT #127 Neo Zone,1072.373,6.84,-11.625,2021-01-13 00:54:40.815771
4,ATEEZ,ZERO : FEVER Part.1,973.735,6.21,-11.625,2021-01-13 00:54:40.815771
5,HA SUNG WOON,Twilight Zone,969.2589999999999,6.18,-11.625,2021-01-13 00:54:40.815771
6,TOMORROW X TOGETHER,MINISODE 1 : BLUE HOUR,934.1080000000001,5.96,-11.625,2021-01-13 00:54:40.815771
7,NCT DREAM,RELOAD,855.612,5.46,-11.625,2021-01-13 00:54:40.815771
8,DREAMCATCHER,Dystopia : The Tree of Language,744.508,4.75,-11.625,2021-01-13 00:54:40.815771
9,MONSTA X,FANTASIA X,668.813,4.27,-11.625,2021-01-13 00:54:40.815771
10,GOT7,DYE,651.211,4.15,-11.625,2021-01-13 00:54:40.815771
11,SUPER JUNIOR-D&E,BAD BLOOD,649.65,4.14,-11.625,2021-01-13 00:54:40.815771
12,BLACKPINK,How You Like That,611.226,3.9,-11.625,2021-01-13 00:54:40.815771
13,TWICE,MORE & MORE,605.009,3.86,-11.625,2021-01-13 00:54:40.815771
14,SEVENTEEN,헹가래,603.466,3.85,-11.625,2021-01-13 00:54:40.815771
15,BTS,MAP OF THE SOUL : 7,515.6659999999998,3.29,-11.625,2021-01-13 00:54:40.815771
16,BAEKHYUN,Delight,389.59,2.49,-11.625,2021-01-13 00:54:40.815771
17,NU'EST,The Nocturne,362.162,2.31,-11.625,2021-01-13 00:54:40.815771
18,GFRIEND,回:LABYRINTH,359.749,2.3,-11.625,2021-01-13 00:54:40.815771
19,VICTON,Mayday,319.244,2.04,-11.625,2021-01-13 00:54:40.815771
20,SF9,9loryUS,318.676,2.03,-11.625,2021-01-13 00:54:40.815771
21,AB6IX,VIVID,278.314,1.78,-11.625,2021-01-13 00:54:40.815771
22,ASTRO,GATEWAY,215.3,1.37,-11.625,2021-01-13 00:54:40.815771
23,IZ*ONE,BLOOM*IZ,191.03799999999998,1.22,-11.625,2021-01-13 00:54:40.815771
24,MAMAMOO,딩가딩가 (Dingga),131.656,0.84,-11.625,2021-01-13 00:54:40.815771
25,PARK JI HOON,The W,128.30700000000002,0.82,-11.625,2021-01-13 00:54:40.815771
26,TAEMIN,Never Gonna Dance Again : Act 1,93.182,0.59,-11.625,2021-01-13 00:54:40.815771
27,(G)I-DLE,덤디덤디 (DUMDi DUMDi),69.426,0.44,-11.625,2021-01-13 00:54:40.815771
28,Hwa Sa,María,57.485,0.37,-11.625,2021-01-13 00:54:40.815771
29,THE BOYZ,CHASE,50.44600000000001,0.32,-11.625,2021-01-13 00:54:40.815771
30,NCT,NCT RESONANCE Part 1,50.168,0.32,-11.625,2021-01-13 00:54:40.815771
31,CIX,"Hello, Strange Time",35.266,0.22,-11.625,2021-01-13 00:54:40.815771
32,SUPER JUNIOR-K.R.Y.,푸르게 빛나던 우리의 계절 (When We Were Us),34.051,0.22,-11.625,2021-01-13 00:54:40.815771
33,LOONA,[#],33.03,0.21,-11.625,2021-01-13 00:54:40.815771
34,OH MY GIRL,NONSTOP,30.48,0.19,-11.625,2021-01-13 00:54:40.815771
35,ITZY,IT'z ME,16.812,0.11,-11.625,2021-01-13 00:54:40.815771
36,EXO,EXO PLANET #5 –EXplOration– Live Album,13.032,0.08,-11.625,2021-01-13 00:54:40.815771
37,APRIL,Da Capo,11.614,0.07,-11.625,2021-01-13 00:54:40.815771
38,Apink,LOOK,8.729,0.06,-11.625,2021-01-13 00:54:40.815771
39,PENTAGON,WE:TH,7.675,0.05,-11.625,2021-01-13 00:54:40.815771
40,DAY6,The Book of Us : The Demon,5.367999999999999,0.03,-11.625,2021-01-13 00:54:40.815771
41,IU,에잇,3.9010000000000002,0.02,-11.625,2021-01-13 00:54:40.815771
42,TAEYEON,Happy,2.653,0.02,-11.625,2021-01-13 00:54:40.815771
43,CHUNG HA,PLAY,1.361,0.01,-11.625,2021-01-13 00:54:40.815771
44,ZICO,아무노래,0.9329999999999999,0.01,-11.625,2021-01-13 00:54:40.815771
45,Paul Kim,"마음, 둘",0.6679999999999999,0.0,-11.625,2021-01-13 00:54:40.815771
46,SUNMI,보라빛 밤 (pporappippam),0.257,0.0,-11.625,2021-01-13 00:54:40.815771
47,BaeK Z Young,거짓말이라도 해서 널 보고싶어,0.213,0.0,-11.625,2021-01-13 00:54:40.815771
48,Jessi,NUNA,0.201,0.0,-11.625,2021-01-13 00:54:40.815771
49,BOL4,사춘기집Ⅱ 꽃 본 나비,0.08900000000000001,0.0,-11.625,2021-01-13 00:54:40.815771
50,PARK JIN YOUNG,When We Disco,0.043,0.0,-11.625,2021-01-13 00:54:40.815771
1,KANG DANIEL,MAGENTA,1400.388,8.91,-11.5,2021-01-13 02:59:30.057171
2,Stray Kids,GO生,1208.581,7.69,-11.5,2021-01-13 02:59:30.057171
3,NCT 127,NCT #127 Neo Zone,1073.98,6.83,-11.5,2021-01-13 02:59:30.057171
4,ATEEZ,ZERO : FEVER Part.1,982.575,6.25,-11.5,2021-01-13 02:59:30.057171
5,HA SUNG WOON,Twilight Zone,970.592,6.17,-11.5,2021-01-13 02:59:30.057171
6,TOMORROW X TOGETHER,MINISODE 1 : BLUE HOUR,939.544,5.98,-11.5,2021-01-13 02:59:30.057171
7,NCT DREAM,RELOAD,857.645,5.46,-11.5,2021-01-13 02:59:30.057171
8,DREAMCATCHER,Dystopia : The Tree of Language,745.544,4.74,-11.5,2021-01-13 02:59:30.057171
9,MONSTA X,FANTASIA X,671.388,4.27,-11.5,2021-01-13 02:59:30.057171
10,GOT7,DYE,653.304,4.16,-11.5,2021-01-13 02:59:30.057171
11,SUPER JUNIOR-D&E,BAD BLOOD,651.524,4.14,-11.5,2021-01-13 02:59:30.057171
12,BLACKPINK,How You Like That,612.815,3.9,-11.5,2021-01-13 02:59:30.057171
13,TWICE,MORE & MORE,607.043,3.86,-11.5,2021-01-13 02:59:30.057171
14,SEVENTEEN,헹가래,606.944,3.86,-11.5,2021-01-13 02:59:30.057171
15,BTS,MAP OF THE SOUL : 7,516.04,3.28,-11.5,2021-01-13 02:59:30.057171
16,BAEKHYUN,Delight,389.829,2.48,-11.5,2021-01-13 02:59:30.057171
17,NU'EST,The Nocturne,362.509,2.31,-11.5,2021-01-13 02:59:30.057171
18,GFRIEND,回:LABYRINTH,359.917,2.29,-11.5,2021-01-13 02:59:30.057171
19,VICTON,Mayday,319.529,2.03,-11.5,2021-01-13 02:59:30.057171
20,SF9,9loryUS,318.845,2.03,-11.5,2021-01-13 02:59:30.057171
21,AB6IX,VIVID,278.445,1.77,-11.5,2021-01-13 02:59:30.057171
22,ASTRO,GATEWAY,215.43,1.37,-11.5,2021-01-13 02:59:30.057171
23,IZ*ONE,BLOOM*IZ,191.24,1.22,-11.5,2021-01-13 02:59:30.057171
24,MAMAMOO,딩가딩가 (Dingga),131.69,0.84,-11.5,2021-01-13 02:59:30.057171
25,PARK JI HOON,The W,128.39600000000002,0.82,-11.5,2021-01-13 02:59:30.057171
26,TAEMIN,Never Gonna Dance Again : Act 1,93.186,0.59,-11.5,2021-01-13 02:59:30.057171
27,(G)I-DLE,덤디덤디 (DUMDi DUMDi),69.45,0.44,-11.5,2021-01-13 02:59:30.057171
28,Hwa Sa,María,57.635,0.37,-11.5,2021-01-13 02:59:30.057171
29,THE BOYZ,CHASE,50.551,0.32,-11.5,2021-01-13 02:59:30.057171
30,NCT,NCT RESONANCE Part 1,50.19600000000001,0.32,-11.5,2021-01-13 02:59:30.057171
31,CIX,"Hello, Strange Time",35.267,0.22,-11.5,2021-01-13 02:59:30.057171
32,SUPER JUNIOR-K.R.Y.,푸르게 빛나던 우리의 계절 (When We Were Us),34.08,0.22,-11.5,2021-01-13 02:59:30.057171
33,LOONA,[#],33.628,0.21,-11.5,2021-01-13 02:59:30.057171
34,OH MY GIRL,NONSTOP,30.636,0.19,-11.5,2021-01-13 02:59:30.057171
35,ITZY,IT'z ME,16.817,0.11,-11.5,2021-01-13 02:59:30.057171
36,EXO,EXO PLANET #5 –EXplOration– Live Album,13.042,0.08,-11.5,2021-01-13 02:59:30.057171
37,APRIL,Da Capo,11.624,0.07,-11.5,2021-01-13 02:59:30.057171
38,Apink,LOOK,8.738999999999999,0.06,-11.5,2021-01-13 02:59:30.057171
39,PENTAGON,WE:TH,7.685,0.05,-11.5,2021-01-13 02:59:30.057171
40,DAY6,The Book of Us : The Demon,5.369,0.03,-11.5,2021-01-13 02:59:30.057171
41,IU,에잇,3.902,0.02,-11.5,2021-01-13 02:59:30.057171
42,TAEYEON,Happy,2.653,0.02,-11.5,2021-01-13 02:59:30.057171
43,CHUNG HA,PLAY,1.361,0.01,-11.5,2021-01-13 02:59:30.057171
44,ZICO,아무노래,0.933,0.01,-11.5,2021-01-13 02:59:30.057171
45,Paul Kim,"마음, 둘",0.6679999999999999,0.0,-11.5,2021-01-13 02:59:30.057171
46,SUNMI,보라빛 밤 (pporappippam),0.257,0.0,-11.5,2021-01-13 02:59:30.057171
47,BaeK Z Young,거짓말이라도 해서 널 보고싶어,0.213,0.0,-11.5,2021-01-13 02:59:30.057171
48,Jessi,NUNA,0.201,0.0,-11.5,2021-01-13 02:59:30.057171
49,BOL4,사춘기집Ⅱ 꽃 본 나비,0.08900000000000001,0.0,-11.5,2021-01-13 02:59:30.057171
50,PARK JIN YOUNG,When We Disco,0.043,0.0,-11.5,2021-01-13 02:59:30.057171
1,KANG DANIEL,MAGENTA,1402.8220000000001,8.9,-11.5,2021-01-13 03:44:58.213535
2,Stray Kids,GO生,1215.805,7.71,-11.5,2021-01-13 03:44:58.213535
3,NCT 127,NCT #127 Neo Zone,1075.452,6.82,-11.5,2021-01-13 03:44:58.213535
4,ATEEZ,ZERO : FEVER Part.1,990.802,6.28,-11.5,2021-01-13 03:44:58.213535
5,HA SUNG WOON,Twilight Zone,971.6080000000001,6.16,-11.5,2021-01-13 03:44:58.213535
6,TOMORROW X TOGETHER,MINISODE 1 : BLUE HOUR,943.29,5.98,-11.5,2021-01-13 03:44:58.213535
7,NCT DREAM,RELOAD,859.446,5.45,-11.5,2021-01-13 03:44:58.213535
8,DREAMCATCHER,Dystopia : The Tree of Language,746.543,4.74,-11.5,2021-01-13 03:44:58.213535
9,MONSTA X,FANTASIA X,673.683,4.27,-11.5,2021-01-13 03:44:58.213535
10,GOT7,DYE,655.03,4.15,-11.5,2021-01-13 03:44:58.213535
11,SUPER JUNIOR-D&E,BAD BLOOD,653.27,4.14,-11.5,2021-01-13 03:44:58.213535
12,BLACKPINK,How You Like That,614.316,3.9,-11.5,2021-01-13 03:44:58.213535
13,SEVENTEEN,헹가래,610.859,3.87,-11.5,2021-01-13 03:44:58.213535
14,TWICE,MORE & MORE,609.82,3.87,-11.5,2021-01-13 03:44:58.213535
15,BTS,MAP OF THE SOUL : 7,516.337,3.28,-11.5,2021-01-13 03:44:58.213535
16,BAEKHYUN,Delight,390.195,2.47,-11.5,2021-01-13 03:44:58.213535
17,NU'EST,The Nocturne,362.65,2.3,-11.5,2021-01-13 03:44:58.213535
18,GFRIEND,回:LABYRINTH,360.111,2.28,-11.5,2021-01-13 03:44:58.213535
19,VICTON,Mayday,319.813,2.03,-11.5,2021-01-13 03:44:58.213535
20,SF9,9loryUS,319.07,2.02,-11.5,2021-01-13 03:44:58.213535
21,AB6IX,VIVID,278.684,1.77,-11.5,2021-01-13 03:44:58.213535
22,ASTRO,GATEWAY,215.583,1.37,-11.5,2021-01-13 03:44:58.213535
23,IZ*ONE,BLOOM*IZ,191.446,1.21,-11.5,2021-01-13 03:44:58.213535
24,MAMAMOO,딩가딩가 (Dingga),131.727,0.84,-11.5,2021-01-13 03:44:58.213535
25,PARK JI HOON,The W,128.408,0.81,-11.5,2021-01-13 03:44:58.213535
26,TAEMIN,Never Gonna Dance Again : Act 1,93.249,0.59,-11.5,2021-01-13 03:44:58.213535
27,(G)I-DLE,덤디덤디 (DUMDi DUMDi),69.471,0.44,-11.5,2021-01-13 03:44:58.213535
28,Hwa Sa,María,57.861000000000004,0.37,-11.5,2021-01-13 03:44:58.213535
29,THE BOYZ,CHASE,50.562,0.32,-11.5,2021-01-13 03:44:58.213535
30,NCT,NCT RESONANCE Part 1,50.236999999999995,0.32,-11.5,2021-01-13 03:44:58.213535
31,CIX,"Hello, Strange Time",35.281,0.22,-11.5,2021-01-13 03:44:58.213535
32,SUPER JUNIOR-K.R.Y.,푸르게 빛나던 우리의 계절 (When We Were Us),34.092,0.22,-11.5,2021-01-13 03:44:58.213535
33,LOONA,[#],33.91,0.22,-11.5,2021-01-13 03:44:58.213535
34,OH MY GIRL,NONSTOP,30.660999999999998,0.19,-11.5,2021-01-13 03:44:58.213535
35,ITZY,IT'z ME,16.822,0.11,-11.5,2021-01-13 03:44:58.213535
36,EXO,EXO PLANET #5 –EXplOration– Live Album,13.045,0.08,-11.5,2021-01-13 03:44:58.213535
37,APRIL,Da Capo,11.625,0.07,-11.5,2021-01-13 03:44:58.213535
38,Apink,LOOK,8.74,0.06,-11.5,2021-01-13 03:44:58.213535
39,PENTAGON,WE:TH,7.691,0.05,-11.5,2021-01-13 03:44:58.213535
40,DAY6,The Book of Us : The Demon,5.379,0.03,-11.5,2021-01-13 03:44:58.213535
41,IU,에잇,3.903,0.02,-11.5,2021-01-13 03:44:58.213535
42,TAEYEON,Happy,2.653,0.02,-11.5,2021-01-13 03:44:58.213535
43,CHUNG HA,PLAY,1.3630000000000002,0.01,-11.5,2021-01-13 03:44:58.213535
44,ZICO,아무노래,0.9329999999999999,0.01,-11.5,2021-01-13 03:44:58.213535
45,Paul Kim,"마음, 둘",0.6679999999999999,0.0,-11.5,2021-01-13 03:44:58.213535
46,SUNMI,보라빛 밤 (pporappippam),0.257,0.0,-11.5,2021-01-13 03:44:58.213535
47,BaeK Z Young,거짓말이라도 해서 널 보고싶어,0.213,0.0,-11.5,2021-01-13 03:44:58.213535
48,Jessi,NUNA,0.201,0.0,-11.5,2021-01-13 03:44:58.213535
49,BOL4,사춘기집Ⅱ 꽃 본 나비,0.08900000000000001,0.0,-11.5,2021-01-13 03:44:58.213535
50,PARK JIN YOUNG,When We Disco,0.043,0.0,-11.5,2021-01-13 03:44:58.213535
1,KANG DANIEL,MAGENTA,1403.319,8.89,-11.458333333333336,2021-01-13 04:09:10.738619
2,Stray Kids,GO生,1217.835,7.72,-11.458333333333336,2021-01-13 04:09:10.738619
3,NCT 127,NCT #127 Neo Zone,1075.881,6.82,-11.458333333333336,2021-01-13 04:09:10.738619
4,ATEEZ,ZERO : FEVER Part.1,993.073,6.29,-11.458333333333336,2021-01-13 04:09:10.738619
5,HA SUNG WOON,Twilight Zone,971.705,6.16,-11.458333333333336,2021-01-13 04:09:10.738619
6,TOMORROW X TOGETHER,MINISODE 1 : BLUE HOUR,944.465,5.99,-11.458333333333336,2021-01-13 04:09:10.738619
7,NCT DREAM,RELOAD,860.207,5.45,-11.458333333333336,2021-01-13 04:09:10.738619
8,DREAMCATCHER,Dystopia : The Tree of Language,746.8839999999999,4.73,-11.458333333333336,2021-01-13 04:09:10.738619
9,MONSTA X,FANTASIA X,674.435,4.27,-11.458333333333336,2021-01-13 04:09:10.738619
10,GOT7,DYE,655.6060000000001,4.16,-11.458333333333336,2021-01-13 04:09:10.738619
11,SUPER JUNIOR-D&E,BAD BLOOD,653.837,4.14,-11.458333333333336,2021-01-13 04:09:10.738619
12,BLACKPINK,How You Like That,614.9069999999998,3.9,-11.458333333333336,2021-01-13 04:09:10.738619
13,SEVENTEEN,헹가래,611.895,3.88,-11.458333333333336,2021-01-13 04:09:10.738619
14,TWICE,MORE & MORE,610.536,3.87,-11.458333333333336,2021-01-13 04:09:10.738619
15,BTS,MAP OF THE SOUL : 7,516.398,3.27,-11.458333333333336,2021-01-13 04:09:10.738619
16,BAEKHYUN,Delight,390.256,2.47,-11.458333333333336,2021-01-13 04:09:10.738619
17,NU'EST,The Nocturne,362.69,2.3,-11.458333333333336,2021-01-13 04:09:10.738619
18,GFRIEND,回:LABYRINTH,360.161,2.28,-11.458333333333336,2021-01-13 04:09:10.738619
19,VICTON,Mayday,319.916,2.03,-11.458333333333336,2021-01-13 04:09:10.738619
20,SF9,9loryUS,319.158,2.02,-11.458333333333336,2021-01-13 04:09:10.738619
21,AB6IX,VIVID,278.706,1.77,-11.458333333333336,2021-01-13 04:09:10.738619
22,ASTRO,GATEWAY,215.651,1.37,-11.458333333333336,2021-01-13 04:09:10.738619
23,IZ*ONE,BLOOM*IZ,191.478,1.21,-11.458333333333336,2021-01-13 04:09:10.738619
24,MAMAMOO,딩가딩가 (Dingga),131.72899999999998,0.83,-11.458333333333336,2021-01-13 04:09:10.738619
25,PARK JI HOON,The W,128.41899999999998,0.81,-11.458333333333336,2021-01-13 04:09:10.738619
26,TAEMIN,Never Gonna Dance Again : Act 1,93.249,0.59,-11.458333333333336,2021-01-13 04:09:10.738619
27,(G)I-DLE,덤디덤디 (DUMDi DUMDi),69.485,0.44,-11.458333333333336,2021-01-13 04:09:10.738619
28,Hwa Sa,María,57.931,0.37,-11.458333333333336,2021-01-13 04:09:10.738619
29,THE BOYZ,CHASE,50.57,0.32,-11.458333333333336,2021-01-13 04:09:10.738619
30,NCT,NCT RESONANCE Part 1,50.247,0.32,-11.458333333333336,2021-01-13 04:09:10.738619
31,CIX,"Hello, Strange Time",35.281,0.22,-11.458333333333336,2021-01-13 04:09:10.738619
32,SUPER JUNIOR-K.R.Y.,푸르게 빛나던 우리의 계절 (When We Were Us),34.092,0.22,-11.458333333333336,2021-01-13 04:09:10.738619
33,LOONA,[#],34.015,0.22,-11.458333333333336,2021-01-13 04:09:10.738619
34,OH MY GIRL,NONSTOP,30.663,0.19,-11.458333333333336,2021-01-13 04:09:10.738619
35,ITZY,IT'z ME,16.822,0.11,-11.458333333333336,2021-01-13 04:09:10.738619
36,EXO,EXO PLANET #5 –EXplOration– Live Album,13.055,0.08,-11.458333333333336,2021-01-13 04:09:10.738619
37,APRIL,Da Capo,11.625,0.07,-11.458333333333336,2021-01-13 04:09:10.738619
38,Apink,LOOK,8.74,0.06,-11.458333333333336,2021-01-13 04:09:10.738619
39,PENTAGON,WE:TH,7.691,0.05,-11.458333333333336,2021-01-13 04:09:10.738619
40,DAY6,The Book of Us : The Demon,5.379,0.03,-11.458333333333336,2021-01-13 04:09:10.738619
41,IU,에잇,3.903,0.02,-11.458333333333336,2021-01-13 04:09:10.738619
42,TAEYEON,Happy,2.653,0.02,-11.458333333333336,2021-01-13 04:09:10.738619
43,CHUNG HA,PLAY,1.3630000000000002,0.01,-11.458333333333336,2021-01-13 04:09:10.738619
44,ZICO,아무노래,0.933,0.01,-11.458333333333336,2021-01-13 04:09:10.738619
45,Paul Kim,"마음, 둘",0.6679999999999999,0.0,-11.458333333333336,2021-01-13 04:09:10.738619
46,SUNMI,보라빛 밤 (pporappippam),0.257,0.0,-11.458333333333336,2021-01-13 04:09:10.738619
47,BaeK Z Young,거짓말이라도 해서 널 보고싶어,0.213,0.0,-11.458333333333336,2021-01-13 04:09:10.738619
48,Jessi,NUNA,0.201,0.0,-11.458333333333336,2021-01-13 04:09:10.738619
49,BOL4,사춘기집Ⅱ 꽃 본 나비,0.08900000000000001,0.0,-11.458333333333336,2021-01-13 04:09:10.738619
50,PARK JIN YOUNG,When We Disco,0.043,0.0,-11.458333333333336,2021-01-13 04:09:10.738619
1,KANG DANIEL,MAGENTA,1405.729,8.89,-11.416666666666664,2021-01-13 05:16:27.826040
2,Stray Kids,GO生,1223.011,7.73,-11.416666666666664,2021-01-13 05:16:27.826040
3,NCT 127,NCT #127 Neo Zone,1078.1860000000001,6.82,-11.416666666666664,2021-01-13 05:16:27.826040
4,ATEEZ,ZERO : FEVER Part.1,997.935,6.31,-11.416666666666664,2021-01-13 05:16:27.826040
5,HA SUNG WOON,Twilight Zone,972.573,6.15,-11.416666666666664,2021-01-13 05:16:27.826040
6,TOMORROW X TOGETHER,MINISODE 1 : BLUE HOUR,947.722,5.99,-11.416666666666664,2021-01-13 05:16:27.826040
7,NCT DREAM,RELOAD,861.915,5.45,-11.416666666666664,2021-01-13 05:16:27.826040
8,DREAMCATCHER,Dystopia : The Tree of Language,747.6489999999999,4.73,-11.416666666666664,2021-01-13 05:16:27.826040
9,MONSTA X,FANTASIA X,676.5060000000002,4.28,-11.416666666666664,2021-01-13 05:16:27.826040
10,GOT7,DYE,657.605,4.16,-11.416666666666664,2021-01-13 05:16:27.826040
11,SUPER JUNIOR-D&E,BAD BLOOD,655.3810000000002,4.14,-11.416666666666664,2021-01-13 05:16:27.826040
12,BLACKPINK,How You Like That,616.488,3.9,-11.416666666666664,2021-01-13 05:16:27.826040
13,SEVENTEEN,헹가래,614.2280000000002,3.88,-11.416666666666664,2021-01-13 05:16:27.826040
14,TWICE,MORE & MORE,612.4490000000002,3.87,-11.416666666666664,2021-01-13 05:16:27.826040
15,BTS,MAP OF THE SOUL : 7,516.886,3.27,-11.416666666666664,2021-01-13 05:16:27.826040
16,BAEKHYUN,Delight,390.376,2.47,-11.416666666666664,2021-01-13 05:16:27.826040
17,NU'EST,The Nocturne,362.925,2.29,-11.416666666666664,2021-01-13 05:16:27.826040
18,GFRIEND,回:LABYRINTH,360.25,2.28,-11.416666666666664,2021-01-13 05:16:27.826040
19,VICTON,Mayday,320.165,2.02,-11.416666666666664,2021-01-13 05:16:27.826040
20,SF9,9loryUS,319.434,2.02,-11.416666666666664,2021-01-13 05:16:27.826040
21,AB6IX,VIVID,278.818,1.76,-11.416666666666664,2021-01-13 05:16:27.826040
22,ASTRO,GATEWAY,215.78599999999997,1.36,-11.416666666666664,2021-01-13 05:16:27.826040
23,IZ*ONE,BLOOM*IZ,191.69299999999998,1.21,-11.416666666666664,2021-01-13 05:16:27.826040
24,MAMAMOO,딩가딩가 (Dingga),131.746,0.83,-11.416666666666664,2021-01-13 05:16:27.826040
25,PARK JI HOON,The W,128.472,0.81,-11.416666666666664,2021-01-13 05:16:27.826040
26,TAEMIN,Never Gonna Dance Again : Act 1,93.31,0.59,-11.416666666666664,2021-01-13 05:16:27.826040
27,(G)I-DLE,덤디덤디 (DUMDi DUMDi),69.49600000000001,0.44,-11.416666666666664,2021-01-13 05:16:27.826040
28,Hwa Sa,María,58.037,0.37,-11.416666666666664,2021-01-13 05:16:27.826040
29,THE BOYZ,CHASE,50.602,0.32,-11.416666666666664,2021-01-13 05:16:27.826040
30,NCT,NCT RESONANCE Part 1,50.268,0.32,-11.416666666666664,2021-01-13 05:16:27.826040
31,CIX,"Hello, Strange Time",35.283,0.22,-11.416666666666664,2021-01-13 05:16:27.826040
32,LOONA,[#],34.471,0.22,-11.416666666666664,2021-01-13 05:16:27.826040
33,SUPER JUNIOR-K.R.Y.,푸르게 빛나던 우리의 계절 (When We Were Us),34.111999999999995,0.22,-11.416666666666664,2021-01-13 05:16:27.826040
34,OH MY GIRL,NONSTOP,30.666999999999998,0.19,-11.416666666666664,2021-01-13 05:16:27.826040
35,ITZY,IT'z ME,16.83,0.11,-11.416666666666664,2021-01-13 05:16:27.826040
36,EXO,EXO PLANET #5 –EXplOration– Live Album,13.062999999999999,0.08,-11.416666666666664,2021-01-13 05:16:27.826040
37,APRIL,Da Capo,11.635,0.07,-11.416666666666664,2021-01-13 05:16:27.826040
38,Apink,LOOK,8.741,0.06,-11.416666666666664,2021-01-13 05:16:27.826040
39,PENTAGON,WE:TH,7.691,0.05,-11.416666666666664,2021-01-13 05:16:27.826040
40,DAY6,The Book of Us : The Demon,5.379,0.03,-11.416666666666664,2021-01-13 05:16:27.826040
41,IU,에잇,3.903,0.02,-11.416666666666664,2021-01-13 05:16:27.826040
42,TAEYEON,Happy,2.653,0.02,-11.416666666666664,2021-01-13 05:16:27.826040
43,CHUNG HA,PLAY,1.3630000000000002,0.01,-11.416666666666664,2021-01-13 05:16:27.826040
44,ZICO,아무노래,0.9329999999999999,0.01,-11.416666666666664,2021-01-13 05:16:27.826040
45,Paul Kim,"마음, 둘",0.6679999999999999,0.0,-11.416666666666664,2021-01-13 05:16:27.826040
46,SUNMI,보라빛 밤 (pporappippam),0.258,0.0,-11.416666666666664,2021-01-13 05:16:27.826040
47,BaeK Z Young,거짓말이라도 해서 널 보고싶어,0.213,0.0,-11.416666666666664,2021-01-13 05:16:27.826040
48,Jessi,NUNA,0.201,0.0,-11.416666666666664,2021-01-13 05:16:27.826040
49,BOL4,사춘기집Ⅱ 꽃 본 나비,0.08900000000000001,0.0,-11.416666666666664,2021-01-13 05:16:27.826040
50,PARK JIN YOUNG,When We Disco,0.043,0.0,-11.416666666666664,2021-01-13 05:16:27.826040
1,KANG DANIEL,MAGENTA,1433.52,8.9,-11.083333333333336,2021-01-13 13:02:35.521841
2,Stray Kids,GO生,1262.559,7.84,-11.083333333333336,2021-01-13 13:02:35.521841
3,NCT 127,NCT #127 Neo Zone,1091.537,6.78,-11.083333333333336,2021-01-13 13:02:35.521841
4,ATEEZ,ZERO : FEVER Part.1,1031.163,6.4,-11.083333333333336,2021-01-13 13:02:35.521841
5,HA SUNG WOON,Twilight Zone,984.076,6.11,-11.083333333333336,2021-01-13 13:02:35.521841
6,TOMORROW X TOGETHER,MINISODE 1 : BLUE HOUR,973.168,6.04,-11.083333333333336,2021-01-13 13:02:35.521841
7,NCT DREAM,RELOAD,881.5319999999998,5.47,-11.083333333333336,2021-01-13 13:02:35.521841
8,DREAMCATCHER,Dystopia : The Tree of Language,753.6619999999998,4.68,-11.083333333333336,2021-01-13 13:02:35.521841
9,MONSTA X,FANTASIA X,690.416,4.29,-11.083333333333336,2021-01-13 13:02:35.521841
10,GOT7,DYE,671.7439999999998,4.17,-11.083333333333336,2021-01-13 13:02:35.521841
11,SUPER JUNIOR-D&E,BAD BLOOD,668.258,4.15,-11.083333333333336,2021-01-13 13:02:35.521841
12,SEVENTEEN,헹가래,633.901,3.93,-11.083333333333336,2021-01-13 13:02:35.521841
13,BLACKPINK,How You Like That,632.4259999999998,3.93,-11.083333333333336,2021-01-13 13:02:35.521841
14,TWICE,MORE & MORE,630.148,3.91,-11.083333333333336,2021-01-13 13:02:35.521841
15,BTS,MAP OF THE SOUL : 7,520.194,3.23,-11.083333333333336,2021-01-13 13:02:35.521841
16,BAEKHYUN,Delight,393.515,2.44,-11.083333333333336,2021-01-13 13:02:35.521841
17,NU'EST,The Nocturne,365.828,2.27,-11.083333333333336,2021-01-13 13:02:35.521841
18,GFRIEND,回:LABYRINTH,361.502,2.24,-11.083333333333336,2021-01-13 13:02:35.521841
19,VICTON,Mayday,321.847,2.0,-11.083333333333336,2021-01-13 13:02:35.521841
20,SF9,9loryUS,321.747,2.0,-11.083333333333336,2021-01-13 13:02:35.521841
21,AB6IX,VIVID,281.454,1.75,-11.083333333333336,2021-01-13 13:02:35.521841
22,ASTRO,GATEWAY,217.032,1.35,-11.083333333333336,2021-01-13 13:02:35.521841
23,IZ*ONE,BLOOM*IZ,192.978,1.2,-11.083333333333336,2021-01-13 13:02:35.521841
24,MAMAMOO,딩가딩가 (Dingga),132.111,0.82,-11.083333333333336,2021-01-13 13:02:35.521841
25,PARK JI HOON,The W,129.519,0.8,-11.083333333333336,2021-01-13 13:02:35.521841
26,TAEMIN,Never Gonna Dance Again : Act 1,94.105,0.58,-11.083333333333336,2021-01-13 13:02:35.521841
27,(G)I-DLE,덤디덤디 (DUMDi DUMDi),69.79,0.43,-11.083333333333336,2021-01-13 13:02:35.521841
28,Hwa Sa,María,59.581,0.37,-11.083333333333336,2021-01-13 13:02:35.521841
29,THE BOYZ,CHASE,50.754,0.32,-11.083333333333336,2021-01-13 13:02:35.521841
30,NCT,NCT RESONANCE Part 1,50.652,0.31,-11.083333333333336,2021-01-13 13:02:35.521841
31,LOONA,[#],35.745,0.22,-11.083333333333336,2021-01-13 13:02:35.521841
32,CIX,"Hello, Strange Time",35.49800000000001,0.22,-11.083333333333336,2021-01-13 13:02:35.521841
33,SUPER JUNIOR-K.R.Y.,푸르게 빛나던 우리의 계절 (When We Were Us),34.248000000000005,0.21,-11.083333333333336,2021-01-13 13:02:35.521841
34,OH MY GIRL,NONSTOP,30.903,0.19,-11.083333333333336,2021-01-13 13:02:35.521841
35,ITZY,IT'z ME,16.924,0.11,-11.083333333333336,2021-01-13 13:02:35.521841
36,EXO,EXO PLANET #5 –EXplOration– Live Album,13.12,0.08,-11.083333333333336,2021-01-13 13:02:35.521841
37,APRIL,Da Capo,11.778,0.07,-11.083333333333336,2021-01-13 13:02:35.521841
38,Apink,LOOK,8.753,0.05,-11.083333333333336,2021-01-13 13:02:35.521841
39,PENTAGON,WE:TH,7.742000000000001,0.05,-11.083333333333336,2021-01-13 13:02:35.521841
40,DAY6,The Book of Us : The Demon,5.3889999999999985,0.03,-11.083333333333336,2021-01-13 13:02:35.521841
41,IU,에잇,3.924,0.02,-11.083333333333336,2021-01-13 13:02:35.521841
42,TAEYEON,Happy,2.653,0.02,-11.083333333333336,2021-01-13 13:02:35.521841
43,CHUNG HA,PLAY,1.3630000000000002,0.01,-11.083333333333336,2021-01-13 13:02:35.521841
44,ZICO,아무노래,0.933,0.01,-11.083333333333336,2021-01-13 13:02:35.521841
45,Paul Kim,"마음, 둘",0.67,0.0,-11.083333333333336,2021-01-13 13:02:35.521841
46,SUNMI,보라빛 밤 (pporappippam),0.258,0.0,-11.083333333333336,2021-01-13 13:02:35.521841
47,BaeK Z Young,거짓말이라도 해서 널 보고싶어,0.223,0.0,-11.083333333333336,2021-01-13 13:02:35.521841
48,Jessi,NUNA,0.202,0.0,-11.083333333333336,2021-01-13 13:02:35.521841
49,BOL4,사춘기집Ⅱ 꽃 본 나비,0.08900000000000001,0.0,-11.083333333333336,2021-01-13 13:02:35.521841
50,PARK JIN YOUNG,When We Disco,0.044,0.0,-11.083333333333336,2021-01-13 13:02:35.521841
1,KANG DANIEL,MAGENTA,1447.979,8.9,-11.041666666666664,2021-01-13 14:30:00.375852
2,Stray Kids,GO生,1280.4560000000001,7.87,-11.041666666666664,2021-01-13 14:30:00.375852
3,NCT 127,NCT #127 Neo Zone,1101.818,6.77,-11.041666666666664,2021-01-13 14:30:00.375852
4,ATEEZ,ZERO : FEVER Part.1,1042.667,6.41,-11.041666666666664,2021-01-13 14:30:00.375852
5,HA SUNG WOON,Twilight Zone,989.73,6.08,-11.041666666666664,2021-01-13 14:30:00.375852
6,TOMORROW X TOGETHER,MINISODE 1 : BLUE HOUR,986.798,6.06,-11.041666666666664,2021-01-13 14:30:00.375852
7,NCT DREAM,RELOAD,891.3939999999999,5.48,-11.041666666666664,2021-01-13 14:30:00.375852
8,DREAMCATCHER,Dystopia : The Tree of Language,765.6460000000001,4.71,-11.041666666666664,2021-01-13 14:30:00.375852
9,MONSTA X,FANTASIA X,693.427,4.26,-11.041666666666664,2021-01-13 14:30:00.375852
10,GOT7,DYE,676.696,4.16,-11.041666666666664,2021-01-13 14:30:00.375852
11,SUPER JUNIOR-D&E,BAD BLOOD,673.85,4.14,-11.041666666666664,2021-01-13 14:30:00.375852
12,SEVENTEEN,헹가래,647.816,3.98,-11.041666666666664,2021-01-13 14:30:00.375852
13,TWICE,MORE & MORE,645.992,3.97,-11.041666666666664,2021-01-13 14:30:00.375852
14,BLACKPINK,How You Like That,639.086,3.93,-11.041666666666664,2021-01-13 14:30:00.375852
15,BTS,MAP OF THE SOUL : 7,521.624,3.21,-11.041666666666664,2021-01-13 14:30:00.375852
16,BAEKHYUN,Delight,395.724,2.43,-11.041666666666664,2021-01-13 14:30:00.375852
17,NU'EST,The Nocturne,367.539,2.26,-11.041666666666664,2021-01-13 14:30:00.375852
18,GFRIEND,回:LABYRINTH,362.347,2.23,-11.041666666666664,2021-01-13 14:30:00.375852
19,VICTON,Mayday,323.442,1.99,-11.041666666666664,2021-01-13 14:30:00.375852
20,SF9,9loryUS,323.066,1.99,-11.041666666666664,2021-01-13 14:30:00.375852
21,AB6IX,VIVID,282.915,1.74,-11.041666666666664,2021-01-13 14:30:00.375852
22,ASTRO,GATEWAY,217.946,1.34,-11.041666666666664,2021-01-13 14:30:00.375852
23,IZ*ONE,BLOOM*IZ,193.71900000000002,1.19,-11.041666666666664,2021-01-13 14:30:00.375852
24,MAMAMOO,딩가딩가 (Dingga),132.275,0.81,-11.041666666666664,2021-01-13 14:30:00.375852
25,PARK JI HOON,The W,130.17600000000002,0.8,-11.041666666666664,2021-01-13 14:30:00.375852
26,TAEMIN,Never Gonna Dance Again : Act 1,94.609,0.58,-11.041666666666664,2021-01-13 14:30:00.375852
27,(G)I-DLE,덤디덤디 (DUMDi DUMDi),69.9,0.43,-11.041666666666664,2021-01-13 14:30:00.375852
28,Hwa Sa,María,60.309,0.37,-11.041666666666664,2021-01-13 14:30:00.375852
29,NCT,NCT RESONANCE Part 1,50.867,0.31,-11.041666666666664,2021-01-13 14:30:00.375852
30,THE BOYZ,CHASE,50.85,0.31,-11.041666666666664,2021-01-13 14:30:00.375852
31,LOONA,[#],35.989000000000004,0.22,-11.041666666666664,2021-01-13 14:30:00.375852
32,CIX,"Hello, Strange Time",35.641,0.22,-11.041666666666664,2021-01-13 14:30:00.375852
33,SUPER JUNIOR-K.R.Y.,푸르게 빛나던 우리의 계절 (When We Were Us),34.35,0.21,-11.041666666666664,2021-01-13 14:30:00.375852
34,OH MY GIRL,NONSTOP,30.971999999999998,0.19,-11.041666666666664,2021-01-13 14:30:00.375852
35,ITZY,IT'z ME,16.959,0.1,-11.041666666666664,2021-01-13 14:30:00.375852
36,EXO,EXO PLANET #5 –EXplOration– Live Album,13.148,0.08,-11.041666666666664,2021-01-13 14:30:00.375852
37,APRIL,Da Capo,11.875,0.07,-11.041666666666664,2021-01-13 14:30:00.375852
38,Apink,LOOK,8.775,0.05,-11.041666666666664,2021-01-13 14:30:00.375852
39,PENTAGON,WE:TH,7.755,0.05,-11.041666666666664,2021-01-13 14:30:00.375852
40,DAY6,The Book of Us : The Demon,5.394,0.03,-11.041666666666664,2021-01-13 14:30:00.375852
41,IU,에잇,3.948,0.02,-11.041666666666664,2021-01-13 14:30:00.375852
42,TAEYEON,Happy,2.665,0.02,-11.041666666666664,2021-01-13 14:30:00.375852
43,CHUNG HA,PLAY,1.364,0.01,-11.041666666666664,2021-01-13 14:30:00.375852
44,ZICO,아무노래,0.943,0.01,-11.041666666666664,2021-01-13 14:30:00.375852
45,Paul Kim,"마음, 둘",0.67,0.0,-11.041666666666664,2021-01-13 14:30:00.375852
46,SUNMI,보라빛 밤 (pporappippam),0.258,0.0,-11.041666666666664,2021-01-13 14:30:00.375852
47,BaeK Z Young,거짓말이라도 해서 널 보고싶어,0.223,0.0,-11.041666666666664,2021-01-13 14:30:00.375852
48,Jessi,NUNA,0.20199999999999999,0.0,-11.041666666666664,2021-01-13 14:30:00.375852
49,BOL4,사춘기집Ⅱ 꽃 본 나비,0.08900000000000001,0.0,-11.041666666666664,2021-01-13 14:30:00.375852
50,PARK JIN YOUNG,When We Disco,0.044000000000000004,0.0,-11.041666666666664,2021-01-13 14:30:00.375852
1,KANG DANIEL,MAGENTA,1460.328,8.89,-11.0,2021-01-13 15:43:43.327937
2,Stray Kids,GO生,1297.306,7.9,-11.0,2021-01-13 15:43:43.327937
3,NCT 127,NCT #127 Neo Zone,1112.119,6.77,-11.0,2021-01-13 15:43:43.327937
4,ATEEZ,ZERO : FEVER Part.1,1066.558,6.5,-11.0,2021-01-13 15:43:43.327937
5,TOMORROW X TOGETHER,MINISODE 1 : BLUE HOUR,1002.271,6.1,-11.0,2021-01-13 15:43:43.327937
6,HA SUNG WOON,Twilight Zone,995.669,6.06,-11.0,2021-01-13 15:43:43.327937
7,NCT DREAM,RELOAD,897.755,5.47,-11.0,2021-01-13 15:43:43.327937
8,DREAMCATCHER,Dystopia : The Tree of Language,770.992,4.7,-11.0,2021-01-13 15:43:43.327937
9,MONSTA X,FANTASIA X,698.514,4.25,-11.0,2021-01-13 15:43:43.327937
10,GOT7,DYE,681.153,4.15,-11.0,2021-01-13 15:43:43.327937
11,SUPER JUNIOR-D&E,BAD BLOOD,678.35,4.13,-11.0,2021-01-13 15:43:43.327937
12,SEVENTEEN,헹가래,656.058,4.0,-11.0,2021-01-13 15:43:43.327937
13,TWICE,MORE & MORE,654.267,3.98,-11.0,2021-01-13 15:43:43.327937
14,BLACKPINK,How You Like That,643.838,3.92,-11.0,2021-01-13 15:43:43.327937
15,BTS,MAP OF THE SOUL : 7,522.638,3.18,-11.0,2021-01-13 15:43:43.327937
16,BAEKHYUN,Delight,397.484,2.42,-11.0,2021-01-13 15:43:43.327937
17,NU'EST,The Nocturne,369.398,2.25,-11.0,2021-01-13 15:43:43.327937
18,GFRIEND,回:LABYRINTH,363.511,2.21,-11.0,2021-01-13 15:43:43.327937
19,VICTON,Mayday,325.097,1.98,-11.0,2021-01-13 15:43:43.327937
20,SF9,9loryUS,324.368,1.98,-11.0,2021-01-13 15:43:43.327937
21,AB6IX,VIVID,284.518,1.73,-11.0,2021-01-13 15:43:43.327937
22,ASTRO,GATEWAY,218.444,1.33,-11.0,2021-01-13 15:43:43.327937
23,IZ*ONE,BLOOM*IZ,194.635,1.19,-11.0,2021-01-13 15:43:43.327937
24,MAMAMOO,딩가딩가 (Dingga),132.514,0.81,-11.0,2021-01-13 15:43:43.327937
25,PARK JI HOON,The W,130.863,0.8,-11.0,2021-01-13 15:43:43.327937
26,TAEMIN,Never Gonna Dance Again : Act 1,95.002,0.58,-11.0,2021-01-13 15:43:43.327937
27,(G)I-DLE,덤디덤디 (DUMDi DUMDi),69.981,0.43,-11.0,2021-01-13 15:43:43.327937
28,Hwa Sa,María,61.191,0.37,-11.0,2021-01-13 15:43:43.327937
29,NCT,NCT RESONANCE Part 1,51.075,0.31,-11.0,2021-01-13 15:43:43.327937
30,THE BOYZ,CHASE,50.909,0.31,-11.0,2021-01-13 15:43:43.327937
31,LOONA,[#],36.537,0.22,-11.0,2021-01-13 15:43:43.327937
32,CIX,"Hello, Strange Time",35.709,0.22,-11.0,2021-01-13 15:43:43.327937
33,SUPER JUNIOR-K.R.Y.,푸르게 빛나던 우리의 계절 (When We Were Us),34.472,0.21,-11.0,2021-01-13 15:43:43.327937
34,OH MY GIRL,NONSTOP,31.064,0.19,-11.0,2021-01-13 15:43:43.327937
35,ITZY,IT'z ME,17.04,0.1,-11.0,2021-01-13 15:43:43.327937
36,EXO,EXO PLANET #5 –EXplOration– Live Album,13.161,0.08,-11.0,2021-01-13 15:43:43.327937
37,APRIL,Da Capo,11.936,0.07,-11.0,2021-01-13 15:43:43.327937
38,Apink,LOOK,8.811,0.05,-11.0,2021-01-13 15:43:43.327937
39,PENTAGON,WE:TH,7.765,0.05,-11.0,2021-01-13 15:43:43.327937
40,DAY6,The Book of Us : The Demon,5.395,0.03,-11.0,2021-01-13 15:43:43.327937
41,IU,에잇,3.948,0.02,-11.0,2021-01-13 15:43:43.327937
42,TAEYEON,Happy,2.667,0.02,-11.0,2021-01-13 15:43:43.327937
43,CHUNG HA,PLAY,1.364,0.01,-11.0,2021-01-13 15:43:43.327937
44,ZICO,아무노래,0.943,0.01,-11.0,2021-01-13 15:43:43.327937
45,Paul Kim,"마음, 둘",0.681,0.0,-11.0,2021-01-13 15:43:43.327937
46,SUNMI,보라빛 밤 (pporappippam),0.258,0.0,-11.0,2021-01-13 15:43:43.327937
47,BaeK Z Young,거짓말이라도 해서 널 보고싶어,0.223,0.0,-11.0,2021-01-13 15:43:43.327937
48,Jessi,NUNA,0.202,0.0,-11.0,2021-01-13 15:43:43.327937
49,BOL4,사춘기집Ⅱ 꽃 본 나비,0.089,0.0,-11.0,2021-01-13 15:43:43.327937
50,PARK JIN YOUNG,When We Disco,0.044,0.0,-11.0,2021-01-13 15:43:43.327937
